trade_date,open,high,low,close,adj_close,volume
2021-04-12,311.05,312.15,307.93,311.54,311.54,10881935
2021-04-13,312.21,314.43,309.32,309.76,309.76,14036927
2021-04-14,307.3,308.03,301.95,302.82,302.82,17421400
2021-04-15,306.34,310.14,304.1,307.82,307.82,14558300
2021-04-16,308.17,308.95,304.61,306.18,306.18,13059200
2021-04-19,305.01,307.7,300.56,302.24,302.24,14553507
2021-04-20,301.99,305.1,297.21,302.65,302.65,16796442
2021-04-21,301.95,301.98,297.39,301.47,301.47,14863500
2021-04-22,301.33,302.92,296.04,296.52,296.52,16375400
2021-04-23,298.76,302.59,297.15,301.13,301.13,17559498
2021-04-26,303.34,305.8,301.56,303.04,303.04,16172600
2021-04-27,304.28,305.34,301.11,303.57,303.57,15309300
2021-04-28,307.36,310.92,305.37,307.1,307.1,33907210
2021-04-29,330.12,331.81,321.61,329.51,329.51,56526800
2021-04-30,326.14,329.82,324.5,325.08,325.08,26332423
2021-05-03,326.17,328.55,321.84,322.58,322.58,18719500
2021-05-04,320.02,322.19,313.12,318.36,318.36,24032600
2021-05-05,318.19,321.06,314.49,315.02,315.02,15577605
2021-05-06,314.52,320.24,313.27,320.02,320.02,19012241
2021-05-07,322.38,322.94,318.75,319.08,319.08,15916743
2021-05-10,314.35,314.58,304.83,305.97,305.97,24239200
2021-05-11,300.75,306.84,299.69,306.53,306.53,18920100
2021-05-12,301.13,304.96,298.19,302.55,302.55,24645500
2021-05-13,306.08,308.86,302.77,305.26,305.26,18079200
2021-05-14,309.54,316.85,309.08,315.94,315.94,19245724
2021-05-17,313.55,315.68,311.58,315.46,315.46,15401343
2021-05-18,315.59,316.5,309.81,309.96,309.96,14522403
2021-05-19,304.19,314.66,303.57,313.59,313.59,19106244
2021-05-20,313.58,319.25,313.16,318.61,318.61,17320241
2021-05-21,319.29,319.93,315.81,316.23,316.23,13600901
2021-05-24,318.21,325.95,318.03,324.63,324.63,16445400
2021-05-25,327.08,329.18,324.8,327.79,327.79,16437000
2021-05-26,328.35,329.83,325.82,327.66,327.66,9686917
2021-05-27,328.0,333.78,326.76,332.75,332.75,20477726
2021-05-28,331.0,332.87,328.33,328.73,328.73,12037430
2021-06-01,330.15,331.42,326.64,329.13,329.13,11765906
2021-06-02,330.38,331.87,327.12,329.15,329.15,11654300
2021-06-03,325.78,327.38,323.48,326.04,326.04,12610800
2021-06-04,325.9,332.46,325.18,330.35,330.35,13289400
2021-06-07,329.48,337.69,328.93,336.58,336.58,20136707
2021-06-08,336.7,338.3,332.24,333.68,333.68,14580500
2021-06-09,335.74,336.8,330.0,330.25,330.25,13727946
2021-06-10,330.79,333.94,328.55,332.46,332.46,13240229
2021-06-11,332.58,332.83,328.93,331.26,331.26,13587916
2021-06-14,331.9,336.82,329.81,336.77,336.77,12250800
2021-06-15,336.99,339.92,335.03,336.75,336.75,15795226
2021-06-16,336.7,337.55,328.72,331.08,331.08,17232200
2021-06-17,330.49,337.98,330.15,336.51,336.51,17794100
2021-06-18,334.53,336.15,329.0,329.66,329.66,23039500
2021-06-21,331.09,332.92,327.65,332.29,332.29,11337522
2021-06-22,332.69,339.92,332.6,339.03,339.03,15345300
2021-06-23,339.35,343.42,338.2,340.59,340.59,14817824
2021-06-24,341.85,344.9,341.79,343.18,343.18,12329100
2021-06-25,342.59,344.12,339.68,341.37,341.37,14594444
2021-06-28,342.46,358.14,341.77,355.64,355.64,29156132
2021-06-29,356.27,356.74,349.05,351.89,351.89,21417305
2021-06-30,352.17,352.92,347.17,347.71,347.71,15107514
2021-07-01,346.82,354.67,346.5,354.39,354.39,17137021
2021-07-02,355.1,356.44,352.62,354.7,354.7,11524614
2021-07-06,356.5,358.79,349.18,352.78,352.78,13488500
2021-07-07,355.26,356.49,350.0,350.49,350.49,14218900
2021-07-08,345.73,348.33,342.56,345.65,345.65,14406500
2021-07-09,345.32,350.71,345.27,350.42,350.42,13018700
2021-07-12,351.23,354.19,349.64,353.16,353.16,10018624
2021-07-13,351.5,358.49,348.8,352.09,352.09,11456000
2021-07-14,354.56,355.2,346.73,347.63,347.63,13894221
2021-07-15,349.23,349.23,340.22,344.46,344.46,14781600
2021-07-16,344.91,345.99,340.14,341.16,341.16,11026100
2021-07-19,337.57,339.79,334.54,336.95,336.95,14372345
2021-07-20,338.8,343.45,334.5,341.66,341.66,11024300
2021-07-21,341.5,346.52,341.25,346.23,346.23,9279700
2021-07-22,346.68,351.54,345.21,351.19,351.19,12385441
2021-07-23,360.91,375.33,357.19,369.79,369.79,33694328
2021-07-26,369.58,374.44,368.22,372.46,372.46,14925222
2021-07-27,371.91,373.15,364.55,367.81,367.81,15705447
2021-07-28,374.56,377.55,366.93,373.28,373.28,29676910
2021-07-29,361.0,365.52,356.74,358.32,358.32,33413244
2021-07-30,354.0,360.73,352.94,356.3,356.3,15976200
2021-08-02,358.1,359.4,350.74,351.95,351.95,13180439
2021-08-03,352.73,353.77,347.7,351.24,351.24,12406100
2021-08-04,352.42,360.48,351.51,358.92,358.92,14180600
2021-08-05,359.64,363.9,356.9,362.97,362.97,10247207
2021-08-06,361.4,365.15,361.4,363.51,363.51,8925017
2021-08-09,363.76,365.78,360.75,361.61,361.61,7798900
2021-08-10,361.83,364.1,359.04,361.13,361.13,7469900
2021-08-11,362.1,362.36,357.81,359.96,359.96,8400332
2021-08-12,358.45,363.0,357.11,362.65,362.65,7175206
2021-08-13,362.97,364.66,361.48,363.18,363.18,7195724
2021-08-16,362.52,366.95,357.38,366.56,366.56,11232269
2021-08-17,362.98,364.67,355.07,358.45,358.45,12328737
2021-08-18,356.25,359.86,355.15,355.45,355.45,10042400
2021-08-19,351.35,357.57,351.0,355.12,355.12,12004535
2021-08-20,354.6,359.99,353.31,359.37,359.37,8697700
2021-08-23,359.44,365.69,359.1,363.35,363.35,10942007
2021-08-24,363.66,367.96,361.84,365.51,365.51,9235148
2021-08-25,365.6,370.86,365.4,368.39,368.39,9684519
2021-08-26,368.38,369.44,364.13,364.38,364.38,7888700
2021-08-27,365.1,373.74,364.08,372.63,372.63,11219142
2021-08-30,372.56,381.49,370.52,380.66,380.66,13547300
2021-08-31,379.95,382.76,378.8,379.38,379.38,12345400
2021-09-01,379.59,384.33,378.81,382.05,382.05,11567200
2021-09-02,381.5,381.75,374.06,375.28,375.28,14838274
2021-09-03,374.75,377.16,373.11,376.26,376.26,7511356
2021-09-07,375.88,382.96,373.15,382.18,382.18,10798920
2021-09-08,380.16,380.87,374.79,377.57,377.57,11067200
2021-09-09,377.64,379.83,376.57,378.0,378.0,9098941
2021-09-10,381.36,383.79,378.26,378.69,378.69,11549600
2021-09-13,381.68,381.75,374.35,376.51,376.51,13026300
2021-09-14,377.4,378.59,375.11,376.53,376.53,8711600
2021-09-15,377.0,377.56,367.67,373.92,373.92,17940300
2021-09-16,372.79,373.56,369.71,373.06,373.06,11934217
2021-09-17,371.41,371.41,361.59,364.72,364.72,26299000
2021-09-20,359.3,361.03,349.8,355.7,355.7,19822800
2021-09-21,358.5,360.04,355.19,357.48,357.48,11751917
2021-09-22,347.23,349.84,340.69,343.21,343.21,43692900
2021-09-23,345.36,349.67,343.0,345.96,345.96,21806300
2021-09-24,343.24,354.35,342.37,352.96,352.96,18801933
2021-09-27,349.81,355.15,347.08,353.58,353.58,15205843
2021-09-28,347.97,349.6,338.92,340.65,340.65,21710300
2021-09-29,343.15,345.23,338.88,339.61,339.61,14452241
2021-09-30,340.45,342.8,338.15,339.39,339.39,16547100
2021-10-01,341.61,345.02,338.64,343.01,343.01,14905311
2021-10-04,335.53,335.94,322.7,326.23,326.23,42885000
2021-10-05,328.58,335.18,326.16,332.96,332.96,35377947
2021-10-06,329.74,334.38,325.8,333.64,333.64,26443010
2021-10-07,337.0,338.84,328.98,329.22,329.22,28307500
2021-10-08,331.51,333.4,328.71,330.05,330.05,15946110
2021-10-11,327.63,330.46,325.31,325.45,325.45,14708224
2021-10-12,323.03,324.38,317.37,323.77,323.77,31658700
2021-10-13,326.97,327.0,322.66,324.54,324.54,14761500
2021-10-14,328.36,330.52,327.1,328.53,328.53,14302200
2021-10-15,328.68,329.07,322.51,324.76,324.76,21596400
2021-10-18,328.95,335.89,327.5,335.34,335.34,21585018
2021-10-19,339.65,342.46,337.28,339.99,339.99,18786316
2021-10-20,343.45,343.98,339.45,340.78,340.78,13639500
2021-10-21,340.28,342.31,337.8,341.88,341.88,16354423
2021-10-22,326.35,329.63,321.11,324.61,324.61,35224543
2021-10-25,320.3,329.56,319.72,328.69,328.69,38409000
2021-10-26,328.26,330.21,309.6,315.81,315.81,65654043
2021-10-27,314.19,319.25,312.06,312.22,312.22,29971800
2021-10-28,312.99,325.52,308.11,316.92,316.92,50806840
2021-10-29,320.19,326.0,319.6,323.57,323.57,37059400
2021-11-01,326.04,333.45,326.0,329.98,329.98,31518900
2021-11-02,331.38,334.79,323.8,328.08,328.08,28353000
2021-11-03,327.49,332.15,323.2,331.62,331.62,20786502
2021-11-04,334.01,337.27,332.65,335.85,335.85,22495300
2021-11-05,340.31,346.79,339.64,341.13,341.13,26872817
2021-11-08,344.42,344.79,338.34,338.62,338.62,18342500
2021-11-09,340.0,341.31,334.47,335.37,335.37,17556721
2021-11-10,332.49,333.19,325.51,327.64,327.64,21872605
2021-11-11,329.82,332.46,327.0,327.74,327.74,12376600
2021-11-12,330.18,341.86,329.78,340.89,340.89,25414311
2021-11-15,344.34,353.65,343.2,347.56,347.56,25076603
2021-11-16,343.83,346.65,340.87,342.96,342.96,18181106
2021-11-17,344.24,347.3,340.1,340.77,340.77,13602812
2021-11-18,339.72,342.46,335.3,338.69,338.69,17487235
2021-11-19,342.2,352.1,339.9,345.3,345.3,26488541
2021-11-22,349.05,353.83,340.51,341.01,341.01,27116811
2021-11-23,338.93,341.4,333.5,337.25,337.25,17225000
2021-11-24,336.0,341.78,332.81,341.06,341.06,13566200
2021-11-26,335.8,337.75,331.9,333.12,333.12,14750737
2021-11-29,336.89,340.67,335.31,338.03,338.03,16650949
2021-11-30,335.0,335.81,323.43,324.46,324.46,25390008
2021-12-01,330.29,330.5,310.29,310.6,310.6,30384083
2021-12-02,311.4,314.6,307.2,310.39,310.39,24396200
2021-12-03,313.73,313.75,299.5,306.84,306.84,27471010
2021-12-06,308.13,320.1,306.34,317.87,317.87,21758340
2021-12-07,321.57,326.54,321.0,322.81,322.81,18794047
2021-12-08,325.0,332.75,323.07,330.56,330.56,19937722
2021-12-09,329.54,336.13,328.0,329.82,329.82,16879200
2021-12-10,332.56,335.03,326.37,329.75,329.75,14528000
2021-12-13,330.95,341.09,329.59,334.49,334.49,22948700
2021-12-14,328.05,335.7,327.65,333.74,333.74,20461024
2021-12-15,332.49,342.11,323.98,341.66,341.66,24681326
2021-12-16,338.98,344.46,333.74,334.9,334.9,22635025
2021-12-17,332.8,337.11,330.75,333.79,333.79,40012637
2021-12-20,329.78,329.9,322.53,325.45,325.45,17901800
2021-12-21,326.41,336.0,323.75,334.2,334.2,16116800
2021-12-22,333.8,334.51,328.26,330.45,330.45,16764600
2021-12-23,330.1,336.67,328.36,335.24,335.24,13987700
2021-12-27,338.85,347.87,338.01,346.18,346.18,17795026
2021-12-28,346.63,352.71,345.2,346.22,346.22,16637608
2021-12-29,346.91,349.69,341.64,342.94,342.94,10747009
2021-12-30,344.0,347.23,343.22,344.36,344.36,10593347
2021-12-31,343.02,343.44,336.27,336.35,336.35,12870500
2022-01-03,338.3,341.08,337.19,338.54,338.54,14562849
2022-01-04,339.95,343.09,331.87,336.53,336.53,15998000
2022-01-05,333.02,335.76,323.84,324.17,324.17,20564521
2022-01-06,322.82,339.17,322.72,332.46,332.46,27962809
2022-01-07,332.74,337.0,328.88,331.79,331.79,14722020
2022-01-10,325.31,328.34,315.43,328.07,328.07,24942400
2022-01-11,326.78,334.63,325.28,334.37,334.37,16226847
2022-01-12,335.18,336.37,330.03,333.26,333.26,14104900
2022-01-13,334.98,335.63,325.76,326.48,326.48,14797109
2022-01-14,321.79,332.73,321.21,331.9,331.9,16868500
2022-01-18,323.29,324.21,317.64,318.15,318.15,22677332
2022-01-19,319.58,327.1,319.33,319.59,319.59,20814740
2022-01-20,323.9,327.82,315.98,316.56,316.56,16925030
2022-01-21,314.81,318.31,303.04,303.17,303.17,28710717
2022-01-24,297.84,309.53,289.01,308.71,308.71,38936901
2022-01-25,299.95,306.23,297.58,300.15,300.15,25108500
2022-01-26,307.01,307.51,290.85,294.63,294.63,28348801
2022-01-27,297.75,301.71,294.26,294.64,294.64,21629922
2022-01-28,295.62,301.9,293.03,301.71,301.71,21871620
2022-01-31,300.68,313.79,299.32,313.26,313.26,21579500
2022-02-01,314.56,319.66,312.12,319.0,319.0,18023800
2022-02-02,327.82,328.0,316.87,323.0,323.0,58458300
2022-02-03,244.65,248.0,235.75,237.76,237.76,188119925
2022-02-04,234.97,242.61,230.11,237.09,237.09,89342247
2022-02-07,237.7,238.3,224.01,224.91,224.91,88613826
2022-02-08,220.85,225.77,216.15,220.18,220.18,94729700
2022-02-09,224.2,233.37,222.21,232.0,232.0,86563300
2022-02-10,228.27,235.0,226.7,228.07,228.07,49310400
2022-02-11,228.46,230.42,218.77,219.55,219.55,46156943
2022-02-14,219.31,221.0,214.78,217.7,217.7,38184035
2022-02-15,220.47,221.15,215.06,221.0,221.0,42685500
2022-02-16,212.41,217.46,212.36,216.54,216.54,45817500
2022-02-17,214.02,217.5,207.16,207.71,207.71,38747533
2022-02-18,209.39,210.75,205.18,206.16,206.16,37128438
2022-02-22,202.34,207.48,200.06,202.08,202.08,39852400
2022-02-23,204.16,206.94,198.05,198.45,198.45,44481400
2022-02-24,191.06,208.35,190.22,207.6,207.6,49957200
2022-02-25,204.94,211.32,203.18,210.48,210.48,37627600
2022-02-28,207.68,213.15,206.83,211.03,211.03,34239803
2022-03-01,209.87,211.75,202.22,203.49,203.49,27094902
2022-03-02,204.78,209.15,202.02,208.11,208.11,29452147
2022-03-03,209.02,209.08,201.42,202.97,202.97,27263524
2022-03-04,202.37,205.89,198.79,200.06,200.06,32146264
2022-03-07,200.79,200.89,187.28,187.47,187.47,38560609
2022-03-08,187.85,196.7,186.11,190.29,190.29,37508149
2022-03-09,195.74,199.1,193.92,198.5,198.5,31894700
2022-03-10,194.84,196.28,191.07,195.21,195.21,24853000
2022-03-11,192.64,193.56,186.67,187.61,187.61,34694534
2022-03-14,187.03,192.29,185.82,186.63,186.63,31010500
2022-03-15,190.8,192.28,185.91,192.03,192.03,31721700
2022-03-16,194.7,203.73,194.52,203.63,203.63,40640300
2022-03-17,201.7,208.04,201.11,207.84,207.84,29499700
2022-03-18,206.7,216.8,206.0,216.49,216.49,52128000
2022-03-21,214.5,214.71,207.63,211.49,211.49,30142338
2022-03-22,211.37,219.46,210.18,216.65,216.65,31998800
2022-03-23,213.33,216.8,212.16,213.46,213.46,23717321
2022-03-24,215.0,220.67,214.79,219.57,219.57,31502314
2022-03-25,220.51,225.5,218.89,221.82,221.82,40039026
2022-03-28,222.13,224.04,219.54,223.59,223.59,26224141
2022-03-29,226.07,230.89,225.29,229.86,229.86,31417900
2022-03-30,228.91,231.15,226.71,227.85,227.85,25588046
2022-03-31,228.45,228.49,222.26,222.36,222.36,24192300
2022-04-01,224.55,227.28,222.7,224.85,224.85,19544800
2022-04-04,225.98,234.35,225.86,233.89,233.89,28100826
2022-04-05,234.08,236.86,231.02,231.84,231.84,29727200
2022-04-06,226.91,228.99,221.41,223.3,223.3,28995100
2022-04-07,223.93,225.52,218.56,222.95,222.95,21037200
2022-04-08,222.38,225.13,220.03,222.33,222.33,18375711
2022-04-11,218.42,220.61,215.22,216.46,216.46,20516600
2022-04-12,220.24,222.03,213.13,214.14,214.14,20128827
2022-04-13,211.82,216.61,211.33,214.99,214.99,19231816
2022-04-14,214.89,214.99,210.0,210.18,210.18,18379500
2022-04-18,210.0,213.38,208.3,210.77,210.77,16580800
2022-04-19,210.52,218.43,209.0,217.31,217.31,20089900
2022-04-20,213.61,214.16,198.92,200.42,200.42,43036528
2022-04-21,201.6,202.97,185.58,188.07,188.07,49954100
2022-04-22,190.37,192.72,183.27,184.11,184.11,36426800
2022-04-25,182.73,187.18,181.66,186.99,186.99,29281100
2022-04-26,186.63,187.19,179.5,180.95,180.95,31747434
2022-04-27,174.43,181.21,169.0,174.95,174.95,71062900
2022-04-28,202.92,208.53,192.9,205.73,205.73,100890600
2022-04-29,204.46,212.48,199.9,200.47,200.47,49193434
2022-05-02,201.17,211.88,200.99,211.13,211.13,49915300
2022-05-03,210.45,214.9,208.09,212.03,212.03,41556300
2022-05-04,210.65,224.3,206.96,223.41,223.41,41375900
2022-05-05,218.74,220.17,206.16,208.28,208.28,41129200
2022-05-06,207.34,209.38,201.02,203.77,203.77,34747200
2022-05-09,199.84,202.57,195.58,196.21,196.21,36303200
2022-05-10,199.51,202.96,194.19,197.65,197.65,34452500
2022-05-11,196.33,200.67,188.27,188.74,188.74,31153400
2022-05-12,187.06,198.05,184.78,191.24,191.24,38262226
2022-05-13,192.58,199.89,191.28,198.62,198.62,24549844
2022-05-16,197.05,205.37,195.93,200.04,200.04,27112600
2022-05-17,202.12,205.46,198.36,202.62,202.62,24872729
2022-05-18,200.0,201.0,191.63,192.24,192.24,23960000
2022-05-19,191.2,195.29,189.6,191.29,191.29,24446938
2022-05-20,194.97,197.91,187.87,193.54,193.54,31465600
2022-05-23,195.19,196.99,191.24,196.23,196.23,25059200
2022-05-24,180.55,183.68,176.11,181.28,181.28,50406300
2022-05-25,180.4,185.45,179.32,183.83,183.83,28030200
2022-05-26,182.88,192.83,182.26,191.63,191.63,23056500
2022-05-27,191.36,195.33,189.8,195.13,195.13,22562727
2022-05-31,194.89,197.6,192.01,193.64,193.64,26131103
2022-06-01,196.51,199.53,185.0,188.64,188.64,36623500
2022-06-02,188.45,200.94,187.73,198.86,198.86,31951600
2022-06-03,195.98,196.61,189.78,190.78,190.78,19465000
2022-06-06,193.99,196.92,188.4,194.25,194.25,30574242
2022-06-07,191.93,196.53,191.49,195.65,195.65,18828700
2022-06-08,194.67,202.03,194.41,196.64,196.64,22267200
2022-06-09,194.28,199.45,183.68,184.0,184.0,23501600
2022-06-10,183.04,183.1,175.02,175.57,175.57,27478354
2022-06-13,170.59,172.58,164.03,164.26,164.26,31749304
2022-06-14,166.03,166.75,161.36,163.73,163.73,27244300
2022-06-15,167.2,172.16,163.98,169.35,169.35,30008300
2022-06-16,163.72,165.08,159.61,160.87,160.87,26944143
2022-06-17,161.68,165.9,159.9,163.74,163.74,31374215
2022-06-21,165.93,167.76,155.97,157.05,157.05,50724900
2022-06-22,158.38,160.79,155.44,155.85,155.85,47596820
2022-06-23,156.27,159.75,154.25,158.75,158.75,40499200
2022-06-24,161.73,170.25,161.3,170.16,170.16,68736009
2022-06-27,171.32,171.75,168.01,169.49,169.49,29174600
2022-06-28,169.9,171.3,160.61,160.68,160.68,27788725
2022-06-29,163.57,166.33,160.32,163.94,163.94,28595236
2022-06-30,162.15,165.23,158.49,161.25,161.25,35250605
2022-07-01,160.31,160.62,155.0,160.03,160.03,31423933
2022-07-05,158.14,168.25,157.02,168.19,168.19,28664799
2022-07-06,168.2,171.59,165.46,169.77,169.77,23085921
2022-07-07,169.45,172.72,167.78,172.19,172.19,24083400
2022-07-08,169.98,172.4,168.15,170.88,170.88,19249243
2022-07-11,167.07,167.49,161.91,162.88,162.88,21905133
2022-07-12,164.8,165.91,162.1,163.27,163.27,16639700
2022-07-13,160.16,164.98,159.61,163.49,163.49,16555138
2022-07-14,161.22,162.59,157.28,158.05,158.05,23765200
2022-07-15,160.54,164.98,159.82,164.7,164.7,23342807
2022-07-18,166.75,171.69,165.64,167.23,167.23,23574337
2022-07-19,170.37,176.49,169.51,175.78,175.78,25933700
2022-07-20,177.49,183.6,176.7,183.09,183.09,24784300
2022-07-21,180.63,183.85,178.87,183.17,183.17,27195815
2022-07-22,173.07,175.6,168.41,169.27,169.27,42583916
2022-07-25,169.0,170.57,164.81,166.65,166.65,26166326
2022-07-26,165.94,166.0,157.95,159.15,159.15,28468424
2022-07-27,162.59,170.87,162.02,169.58,169.58,43846600
2022-07-28,161.06,161.51,154.85,160.72,160.72,73214326
2022-07-29,157.69,160.14,155.17,159.1,159.1,42065400
2022-08-01,157.25,165.19,155.23,159.93,159.93,40596702
2022-08-02,158.31,162.24,158.01,160.19,160.19,27374516
2022-08-03,162.69,169.54,161.57,168.8,168.8,31721900
2022-08-04,168.3,172.15,166.8,170.57,170.57,23938212
2022-08-05,166.99,171.61,165.8,167.11,167.11,25832701
2022-08-08,168.0,177.51,167.13,170.25,170.25,27299113
2022-08-09,168.95,169.53,166.6,168.53,168.53,18655100
2022-08-10,175.99,180.48,173.95,178.34,178.34,30262132
2022-08-11,179.71,183.1,176.37,177.49,177.49,24079100
2022-08-12,180.81,181.46,178.91,180.5,180.5,21274046
2022-08-15,178.96,181.44,178.2,180.89,180.89,15878700
2022-08-16,179.44,180.99,177.04,179.47,179.47,21156710
2022-08-17,176.76,178.14,174.17,174.85,174.85,20118133
2022-08-18,174.34,175.76,171.86,174.66,174.66,18844500
2022-08-19,170.2,172.32,167.05,167.96,167.96,26240800
2022-08-22,165.49,165.49,162.26,163.05,163.05,19499711
2022-08-23,162.48,165.05,160.7,161.11,161.11,18111800
2022-08-24,160.6,165.46,159.77,163.26,163.26,20891500
2022-08-25,165.18,168.88,164.02,168.78,168.78,15550514
2022-08-26,168.48,170.92,161.67,161.78,161.78,24023633
2022-08-29,160.66,163.05,159.01,159.17,159.17,20052700
2022-08-30,160.35,161.66,155.91,157.16,157.16,19567948
2022-08-31,167.07,167.84,162.14,162.93,162.93,40953000
2022-09-01,163.58,167.36,160.35,165.36,165.36,30145700
2022-09-02,167.45,167.93,159.22,160.32,160.32,22634200
2022-09-06,160.1,161.69,157.69,158.54,158.54,19339800
2022-09-07,157.76,160.96,156.81,160.39,160.39,16831200
2022-09-08,158.71,162.23,157.74,162.06,162.06,22530800
2022-09-09,163.25,169.54,163.02,169.15,169.15,22129802
2022-09-12,167.39,171.39,167.28,168.96,168.96,23220405
2022-09-13,161.54,161.63,152.67,153.13,153.13,44444100
2022-09-14,153.33,153.54,149.05,151.47,151.47,43064200
2022-09-15,149.8,154.2,148.7,149.55,149.55,34606348
2022-09-16,148.05,148.58,144.29,146.29,146.29,40122824
2022-09-19,145.24,148.58,145.1,148.02,148.02,22169500
2022-09-20,145.78,148.84,145.22,146.09,146.09,23217400
2022-09-21,146.39,149.6,142.0,142.12,142.12,38338614
2022-09-22,141.55,144.58,140.87,142.82,142.82,34418521
2022-09-23,141.42,142.62,138.89,140.41,140.41,31710700
2022-09-26,140.12,142.24,136.19,136.37,136.37,30497021
2022-09-27,137.92,139.42,134.12,134.4,134.4,30826500
2022-09-28,134.62,142.03,134.27,141.61,141.61,32658500
2022-09-29,139.36,139.84,135.2,136.41,136.41,38985414
2022-09-30,136.05,140.99,135.5,135.68,135.68,33166400
2022-10-03,137.14,139.62,136.1,138.61,138.61,27723100
2022-10-04,140.49,142.39,139.34,140.28,140.28,34670729
2022-10-05,138.24,140.21,134.78,138.98,138.98,27979348
2022-10-06,137.72,141.45,136.6,139.07,139.07,36231100
2022-10-07,136.76,138.29,132.44,133.45,133.45,33214800
2022-10-10,133.55,136.11,131.87,133.79,133.79,24024000
2022-10-11,131.62,132.66,126.99,128.54,128.54,38481403
2022-10-12,128.32,129.67,126.25,127.5,127.5,34605245
2022-10-13,123.53,131.14,122.53,130.29,130.29,34325715
2022-10-14,131.0,131.79,126.52,126.76,126.76,23559407
2022-10-17,130.3,134.79,130.18,134.04,134.04,29612245
2022-10-18,137.09,137.84,131.4,132.8,132.8,25445000
2022-10-19,132.89,137.0,132.22,133.23,133.23,30691047
2022-10-20,132.93,136.77,131.31,131.53,131.53,26356300
2022-10-21,126.31,130.12,125.44,130.01,130.01,46348647
2022-10-24,127.25,133.48,124.57,129.72,129.72,63563447
2022-10-25,130.88,138.35,130.59,137.51,137.51,38433219
2022-10-26,131.68,135.55,128.53,129.82,129.82,89294679
2022-10-27,97.98,102.5,96.38,97.94,97.94,232316600
2022-10-28,99.58,100.85,97.51,99.2,99.2,95928306
2022-10-31,98.22,99.32,92.6,93.16,93.16,121361444
2022-11-01,94.33,97.49,93.55,95.2,95.2,110189617
2022-11-02,94.21,95.2,90.48,90.54,90.54,71821100
2022-11-03,90.08,90.46,88.41,88.91,88.91,60664012
2022-11-04,90.35,91.39,88.09,90.79,90.79,55638100
2022-11-07,94.78,96.88,93.1,96.72,96.72,81987300
2022-11-08,95.92,97.8,94.79,96.47,96.47,52088320
2022-11-09,101.72,104.9,100.74,101.47,101.47,107677300
2022-11-10,107.12,112.75,104.61,111.87,111.87,80671000
2022-11-11,109.23,114.9,108.81,113.02,113.02,59961742
2022-11-14,110.99,116.27,110.8,114.22,114.22,53395000
2022-11-15,116.07,118.74,114.41,117.08,117.08,50670500
2022-11-16,114.5,116.08,112.66,113.23,113.23,33287800
2022-11-17,110.41,112.33,109.8,111.45,111.45,35093822
2022-11-18,113.8,114.32,110.62,112.05,112.05,33357707
2022-11-21,111.52,112.37,109.19,109.86,109.86,24351100
2022-11-22,109.86,111.62,108.32,111.44,111.44,29029000
2022-11-23,111.72,112.67,110.73,112.24,112.24,21343100
2022-11-25,111.3,112.73,111.02,111.41,111.41,12007600
2022-11-28,110.78,112.04,108.38,108.78,108.78,23332816
2022-11-29,109.54,110.94,108.54,109.46,109.46,23899238
2022-11-30,109.51,118.16,109.38,118.1,118.1,43348600
2022-12-01,119.2,121.2,118.4,120.44,120.44,36551400
2022-12-02,117.83,124.04,117.61,123.49,123.49,39950500
2022-12-05,121.75,124.67,121.35,122.43,122.43,35474900
2022-12-06,119.91,120.55,113.74,114.12,114.12,43689200
2022-12-07,113.76,115.88,112.88,113.93,113.93,29461137
2022-12-08,116.39,117.34,114.59,115.33,115.33,30619418
2022-12-09,115.3,117.54,113.87,115.9,115.9,26033400
2022-12-12,115.18,115.72,113.14,114.71,114.71,24747100
2022-12-13,122.13,123.3,118.64,120.15,120.15,44701100
2022-12-14,119.39,124.14,119.39,121.59,121.59,36922037
2022-12-15,118.33,118.63,114.01,116.15,116.15,34531000
2022-12-16,120.23,123.31,118.82,119.43,119.43,67064001
2022-12-19,116.83,117.8,114.33,114.48,114.48,29769900
2022-12-20,113.26,117.33,112.46,117.09,117.09,28742501
2022-12-21,116.7,120.34,115.62,119.76,119.76,20392800
2022-12-22,117.2,118.62,114.38,117.12,117.12,23618121
2022-12-23,116.03,118.18,115.54,118.04,118.04,17796625
2022-12-27,117.93,118.6,116.05,116.88,116.88,21392311
2022-12-28,116.25,118.15,115.51,115.62,115.62,19612500
2022-12-29,116.4,121.03,115.77,120.26,120.26,22366200
2022-12-30,118.16,120.42,117.74,120.34,120.34,19583825
2023-01-03,122.82,126.37,122.28,124.74,124.74,35528531
2023-01-04,127.38,129.05,125.85,127.37,127.37,32397100
2023-01-05,126.13,128.52,124.54,126.94,126.94,25447100
2023-01-06,128.97,130.33,126.04,130.02,130.02,27584500
2023-01-09,131.16,132.95,129.28,129.47,129.47,26649145
2023-01-10,127.27,133.44,127.15,132.99,132.99,28684431
2023-01-11,130.96,133.85,130.34,132.89,132.89,25423046
2023-01-12,133.44,137.68,131.76,136.71,136.71,30757732
2023-01-13,134.97,137.39,134.84,136.98,136.98,22423839
2023-01-17,136.18,136.75,134.25,135.36,135.36,21147600
2023-01-18,135.81,137.25,132.8,133.02,133.02,20215500
2023-01-19,132.49,137.45,132.14,136.15,136.15,28625232
2023-01-20,135.89,139.94,134.61,139.37,139.37,28688630
2023-01-23,139.29,143.76,138.66,143.27,143.27,27470100
2023-01-24,141.69,145.0,141.36,143.14,143.14,21970200
2023-01-25,141.22,143.17,140.31,141.5,141.5,26622021
2023-01-26,144.4,147.51,143.3,147.3,147.3,25482100
2023-01-27,148.24,153.19,147.39,151.74,151.74,35771900
2023-01-30,149.41,151.12,146.95,147.06,147.06,28040100
2023-01-31,147.95,149.88,147.52,148.97,148.97,29842109
2023-02-01,148.03,153.58,147.06,153.12,153.12,55661017
2023-02-02,183.38,197.16,180.16,188.77,188.77,150475700
2023-02-03,183.47,196.77,182.89,186.53,186.53,76809701
2023-02-06,186.53,190.7,185.52,186.06,186.06,42483811
2023-02-07,185.58,193.78,184.4,191.62,191.62,47080700
2023-02-08,190.0,190.83,182.92,183.43,183.43,36139100
2023-02-09,186.13,186.65,177.27,177.92,177.92,37118811
2023-02-10,176.35,178.89,173.35,174.15,174.15,33433600
2023-02-13,178.22,181.0,175.82,179.43,179.43,31463223
2023-02-14,177.16,181.51,175.88,179.48,179.48,24034631
2023-02-15,176.42,178.19,175.33,177.16,177.16,25337966
2023-02-16,172.75,175.85,171.79,172.44,172.44,25827500
2023-02-17,170.22,173.18,169.7,172.88,172.88,24171300
2023-02-21,174.31,178.17,171.88,172.08,172.08,34592600
2023-02-22,171.07,172.76,169.69,171.12,171.12,22433200
2023-02-23,172.0,173.69,169.38,172.04,172.04,20017800
2023-02-24,168.64,170.72,167.66,170.39,170.39,19791334
2023-02-27,171.88,173.12,169.06,169.54,169.54,19277002
2023-02-28,171.9,177.55,171.87,174.94,174.94,46051117
2023-03-01,174.59,177.85,173.05,173.42,173.42,30998400
2023-03-02,172.38,175.01,171.43,174.53,174.53,17360708
2023-03-03,178.92,186.62,177.05,185.25,185.25,45877700
2023-03-06,188.0,189.66,184.64,184.9,184.9,33209400
2023-03-07,189.0,190.36,184.01,184.51,184.51,36701500
2023-03-08,182.87,185.26,181.34,184.97,184.97,19432405
2023-03-09,186.35,188.93,180.3,181.69,181.69,26582800
2023-03-10,181.01,184.77,178.8,179.51,179.51,25665032
2023-03-13,177.96,183.78,174.82,180.9,180.9,24728000
2023-03-14,187.58,194.32,186.56,194.02,194.02,41642627
2023-03-15,192.95,197.78,190.84,197.75,197.75,42123600
2023-03-16,198.26,205.76,196.09,204.93,204.93,50819659
2023-03-17,200.56,201.9,195.43,195.61,195.61,50141100
2023-03-20,198.48,199.36,193.64,197.81,197.81,25186315
2023-03-21,203.2,203.55,197.95,202.16,202.16,31827000
2023-03-22,202.5,207.37,199.67,199.81,199.81,28477800
2023-03-23,202.84,207.88,202.15,204.28,204.28,27389700
2023-03-24,205.18,207.58,203.55,206.01,206.01,27733042
2023-03-27,204.81,205.86,201.36,202.84,202.84,18527200
2023-03-28,200.15,201.03,197.9,200.68,200.68,19127300
2023-03-29,203.56,205.72,202.54,205.35,205.35,18851137
2023-03-30,203.38,208.09,202.82,207.84,207.84,22608303
2023-03-31,207.24,212.17,206.77,211.94,211.94,25440300
2023-04-03,208.84,213.49,208.2,213.07,213.07,17924613
2023-04-04,213.39,216.24,212.54,214.72,214.72,21026400
2023-04-05,214.15,215.19,209.94,211.48,211.48,19396630
2023-04-06,209.25,216.94,208.65,216.1,216.1,26104411
2023-04-10,214.71,215.66,210.66,214.75,214.75,16106100
2023-04-11,215.48,216.02,213.41,213.85,213.85,16710101
2023-04-12,214.84,216.84,212.58,214.0,214.0,18972200
2023-04-13,215.73,221.15,215.69,220.35,220.35,23310400
2023-04-14,217.88,222.11,217.55,221.49,221.49,21591207
2023-04-17,219.79,220.98,217.13,218.86,218.86,15481900
2023-04-18,219.91,220.44,216.21,217.89,217.89,12281000
2023-04-19,213.47,217.33,212.93,215.7,215.7,15898100
2023-04-20,213.48,216.75,212.77,213.07,213.07,16475443
2023-04-21,210.21,213.41,209.58,212.89,212.89,17717200
2023-04-24,213.68,213.92,210.71,212.79,212.79,15750920
2023-04-25,210.82,211.26,207.13,207.55,207.55,19198200
2023-04-26,212.5,214.11,208.88,209.4,209.4,41992726
2023-04-27,239.89,241.69,236.77,238.56,238.56,71196531
2023-04-28,239.01,240.43,235.75,240.32,240.32,39554036
2023-05-01,238.62,244.0,236.46,243.18,243.18,29143912
2023-05-02,243.18,244.92,238.99,239.24,239.24,24350149
2023-05-03,239.47,241.75,232.75,237.03,237.03,34463900
2023-05-04,236.06,238.2,232.93,233.52,233.52,17889400
2023-05-05,232.24,234.68,229.85,232.78,232.78,27000500
2023-05-08,231.42,235.62,230.27,233.27,233.27,16400526
2023-05-09,231.46,235.88,231.08,233.37,233.37,16865600
2023-05-10,236.17,236.75,230.72,233.08,233.08,19119007
2023-05-11,233.05,238.21,232.3,235.79,235.79,20449000
2023-05-12,236.74,236.96,231.45,233.81,233.81,16161447
2023-05-15,236.92,240.26,235.33,238.86,238.86,20653229
2023-05-16,235.79,239.64,235.52,238.82,238.82,18163800
2023-05-17,238.45,243.84,238.14,242.49,242.49,21193100
2023-05-18,241.3,247.09,241.19,246.85,246.85,22943300
2023-05-19,247.47,248.69,243.41,245.64,245.64,21733600
2023-05-22,245.41,253.57,245.12,248.32,248.32,27738500
2023-05-23,246.81,251.61,246.65,246.74,246.74,17748115
2023-05-24,245.28,249.59,244.95,249.21,249.21,17724338
2023-05-25,253.4,255.62,249.17,252.69,252.69,22371435
2023-05-26,252.93,262.31,252.71,262.04,262.04,25768663
2023-05-30,265.25,268.65,261.29,262.52,262.52,23816500
2023-05-31,260.0,265.0,258.45,264.72,264.72,25473700
2023-06-01,265.9,274.0,265.89,272.61,272.61,25609508
2023-06-02,272.66,275.35,271.12,272.61,272.61,19416930
2023-06-05,270.3,275.57,269.56,271.39,271.39,20742946
2023-06-06,270.14,276.57,269.69,271.12,271.12,19419010
2023-06-07,271.67,274.25,262.8,263.6,263.6,26163627
2023-06-08,260.62,267.65,258.88,264.58,264.58,20899400
2023-06-09,262.48,267.95,261.7,264.95,264.95,16949800
2023-06-12,267.17,271.75,265.33,271.05,271.05,15471702
2023-06-13,274.88,275.72,269.09,271.32,271.32,16164024
2023-06-14,271.89,274.99,268.32,273.35,273.35,19175100
2023-06-15,272.3,283.99,271.42,281.83,281.83,25973500
2023-06-16,284.75,287.85,280.13,281.0,281.0,43127731
2023-06-20,278.73,284.8,276.22,284.33,284.33,20701600
2023-06-21,283.53,284.0,278.36,281.64,281.64,20556200
2023-06-22,279.08,285.26,277.79,284.88,284.88,17563100
2023-06-23,281.51,289.67,278.95,288.73,288.73,51092038
2023-06-26,288.7,289.79,277.6,278.47,278.47,24232700
2023-06-27,282.01,289.35,280.65,287.05,287.05,26108300
2023-06-28,284.82,289.55,284.06,285.29,285.29,16722117
2023-06-29,284.5,286.57,280.69,281.53,281.53,15395700
2023-06-30,284.76,289.05,284.42,286.98,286.98,19694900
2023-07-03,286.7,289.4,284.85,286.02,286.02,8629300
2023-07-05,287.65,298.12,286.36,294.37,294.37,33865500
2023-07-06,295.89,298.12,291.31,291.99,291.99,47733829
2023-07-07,292.18,296.2,288.66,290.53,290.53,25586000
2023-07-10,295.55,298.13,287.05,294.1,294.1,37058306
2023-07-11,293.9,300.18,291.9,298.29,298.29,27585918
2023-07-12,301.75,309.45,300.1,309.34,309.34,36677127
2023-07-13,313.62,316.24,310.29,313.41,313.41,30281000
2023-07-14,311.79,314.88,307.36,308.87,308.87,23054108
2023-07-17,307.54,311.71,304.71,310.62,310.62,25323126
2023-07-18,310.88,314.2,307.62,312.05,312.05,20764580
2023-07-19,313.03,318.68,310.52,316.01,316.01,21763700
2023-07-20,313.5,315.54,302.22,302.52,302.52,23836900
2023-07-21,304.57,305.46,291.2,294.26,294.26,42139300
2023-07-24,295.78,297.52,288.3,291.61,291.61,24949405
2023-07-25,295.19,298.3,291.86,294.47,294.47,19585600
2023-07-26,301.19,301.77,291.9,298.57,298.57,47256930
2023-07-27,325.12,325.35,309.84,311.71,311.71,64229200
2023-07-28,316.88,326.2,314.25,325.48,325.48,39220300
2023-07-31,323.69,325.66,317.59,318.6,318.6,25799603
2023-08-01,317.54,324.14,314.66,322.71,322.71,22889870
2023-08-02,318.0,318.39,310.65,314.31,314.31,20461100
2023-08-03,309.93,315.95,309.93,313.19,313.19,15215422
2023-08-04,314.96,318.41,310.2,310.73,310.73,17612800
2023-08-07,313.23,317.07,310.46,316.56,316.56,16236504
2023-08-08,314.4,317.89,310.11,312.64,312.64,15183532
2023-08-09,312.88,313.63,302.85,305.21,305.21,19955800
2023-08-10,307.94,312.34,303.87,305.74,305.74,14358900
2023-08-11,302.57,304.72,300.36,301.64,301.64,14046300
2023-08-14,300.98,306.21,298.25,306.19,306.19,15641921
2023-08-15,306.14,307.23,300.03,301.95,301.95,11623613
2023-08-16,300.2,301.08,294.28,294.29,294.29,18547741
2023-08-17,293.05,296.05,284.95,285.09,285.09,23950100
2023-08-18,279.03,285.69,274.38,283.25,283.25,35347925
2023-08-21,283.45,290.5,281.85,289.9,289.9,20181500
2023-08-22,292.55,292.9,286.75,287.6,287.6,12999913
2023-08-23,288.5,297.4,287.67,294.24,294.24,18287001
2023-08-24,298.5,299.46,286.64,286.75,286.75,18360900
2023-08-25,286.13,288.39,276.03,285.5,285.5,23701443
2023-08-28,288.0,291.45,285.8,290.26,290.26,14239300
2023-08-29,288.58,299.15,288.18,297.99,297.99,20844522
2023-08-30,297.17,298.29,293.43,295.1,295.1,17717024
2023-08-31,295.8,301.1,295.66,295.89,295.89,17229900
2023-09-01,299.37,301.74,294.47,296.38,296.38,12842300
2023-09-05,297.02,301.39,295.51,300.15,300.15,14956000
2023-09-06,301.71,303.3,295.66,299.17,299.17,15418100
2023-09-07,298.0,307.05,292.22,298.67,298.67,33748737
2023-09-08,299.22,305.25,296.78,297.89,297.89,17572203
2023-09-11,301.41,309.04,301.28,307.56,307.56,19489330
2023-09-12,306.33,308.66,300.23,301.66,301.66,13480400
2023-09-13,302.36,307.18,301.32,305.06,305.06,13210915
2023-09-14,306.74,312.87,305.03,311.72,311.72,19343102
2023-09-15,311.61,312.0,298.75,300.31,300.31,28131140
2023-09-18,298.19,303.6,297.8,302.55,302.55,14234200
2023-09-19,302.48,306.17,299.81,305.07,305.07,15931618
2023-09-20,305.05,308.06,299.43,299.67,299.67,19379515
2023-09-21,295.7,300.26,293.27,295.73,295.73,21319600
2023-09-22,299.3,305.38,298.27,299.08,299.08,25369600
2023-09-25,295.64,300.95,293.7,300.83,300.83,18987014
2023-09-26,297.66,300.3,296.01,298.96,298.96,19417200
2023-09-27,300.45,301.3,286.79,297.74,297.74,36429835
2023-09-28,298.94,306.33,296.7,303.96,303.96,22167100
2023-09-29,307.38,310.64,299.36,300.21,300.21,25373700
2023-10-02,302.74,307.18,301.63,306.82,306.82,16265600
2023-10-03,304.26,306.77,299.64,300.94,300.94,17362300
2023-10-04,298.73,306.9,298.5,305.58,305.58,16880500
2023-10-05,304.63,306.21,299.5,304.79,304.79,19130000
2023-10-06,301.44,316.31,300.91,315.43,315.43,21803900
2023-10-09,312.5,320.33,311.82,318.36,318.36,22503700
2023-10-10,319.12,324.66,318.16,321.84,321.84,19038000
2023-10-11,323.01,328.84,322.95,327.82,327.82,22036300
2023-10-12,328.0,330.54,322.69,324.16,324.16,20530518
2023-10-13,323.53,325.05,312.37,314.69,314.69,21360790
2023-10-16,318.64,321.82,315.52,321.15,321.15,16536114
2023-10-17,318.18,324.4,317.3,324.0,324.0,16387800
2023-10-18,321.39,325.94,315.56,316.97,316.97,16851003
2023-10-19,319.88,321.89,311.75,312.81,312.81,18709200
2023-10-20,314.14,315.3,306.47,308.65,308.65,22312300
2023-10-23,309.5,317.36,307.26,314.01,314.01,17796800
2023-10-24,316.78,318.35,310.63,312.55,312.55,19525500
2023-10-25,310.0,310.88,298.84,299.53,299.53,42192500
2023-10-26,295.0,295.0,279.4,288.35,288.35,66684141
2023-10-27,294.48,299.31,292.97,296.73,296.73,29596300
2023-10-30,299.09,309.4,299.05,302.66,302.66,28435100
2023-10-31,303.31,303.68,296.86,301.27,301.27,19434200
2023-11-01,301.85,312.74,301.85,311.85,311.85,20434600
2023-11-02,317.3,318.82,308.33,310.87,310.87,21631820
2023-11-03,312.55,315.55,311.02,314.6,314.6,16764315
2023-11-06,315.98,318.33,314.45,315.8,315.8,12887700
2023-11-07,317.06,321.0,315.12,318.82,318.82,14055614
2023-11-08,318.14,321.33,314.88,319.78,319.78,13609704
2023-11-09,319.42,324.18,318.8,320.55,320.55,16103100
2023-11-10,319.94,329.1,319.46,328.77,328.77,19116921
2023-11-13,326.2,332.33,325.7,329.19,329.19,16908948
2023-11-14,334.54,338.1,333.33,336.31,336.31,17179403
2023-11-15,337.93,338.4,330.02,332.71,332.71,14531200
2023-11-16,329.37,334.58,326.38,334.19,334.19,18932600
2023-11-17,330.26,335.5,329.35,335.04,335.04,14519213
2023-11-20,334.89,341.87,334.19,339.97,339.97,16976129
2023-11-21,338.33,339.9,335.9,336.98,336.98,12027900
2023-11-22,339.21,342.92,338.58,341.49,341.49,10715177
2023-11-24,340.13,341.86,336.77,338.23,338.23,5467500
2023-11-27,336.18,339.9,334.2,334.7,334.7,15684500
2023-11-28,333.4,339.38,333.4,338.99,338.99,12637245
2023-11-29,339.69,339.9,330.78,332.2,332.2,16024500
2023-11-30,331.89,333.5,322.4,327.15,327.15,23146400
2023-12-01,325.48,326.86,320.76,324.82,324.82,15276400
2023-12-04,317.29,320.86,313.66,320.02,320.02,19037100
2023-12-05,318.98,321.88,315.39,318.29,318.29,16952128
2023-12-06,321.93,322.25,317.04,317.45,317.45,11294337
2023-12-07,317.77,328.24,317.77,326.59,326.59,15905100
2023-12-08,323.09,333.17,323.0,332.75,332.75,14087400
2023-12-11,329.4,329.89,320.0,325.28,325.28,25802500
2023-12-12,324.6,334.47,324.56,334.22,334.22,18485500
2023-12-13,333.93,338.37,332.64,334.74,334.74,16353321
2023-12-14,333.85,334.7,328.64,333.17,333.17,19607335
2023-12-15,331.99,338.66,331.22,334.92,334.92,31776900
2023-12-18,337.48,347.56,337.02,344.62,344.62,18993900
2023-12-19,345.58,353.6,345.12,350.36,350.36,17729400
2023-12-20,348.65,354.96,347.79,349.28,349.28,16369900
2023-12-21,352.98,356.41,349.21,354.09,354.09,15289600
2023-12-22,355.58,357.2,351.22,353.39,353.39,11772800
2023-12-26,354.99,356.98,353.45,354.83,354.83,9898614
2023-12-27,356.07,359.0,355.31,357.83,357.83,13207928
2023-12-28,359.7,361.9,357.81,358.32,358.32,11798807
2023-12-29,358.99,360.0,351.82,353.96,353.96,14987100
2024-01-02,351.32,353.16,340.01,346.29,346.29,19042200
2024-01-03,344.98,347.95,343.18,344.47,344.47,15451133
2024-01-04,344.5,348.15,343.4,347.12,347.12,12099900
2024-01-05,346.99,353.5,346.26,351.95,351.95,13920700
2024-01-08,354.7,358.98,352.05,358.66,358.66,13890222
2024-01-09,356.4,360.64,355.36,357.43,357.43,13463900
2024-01-10,360.17,372.94,359.08,370.47,370.47,22117206
2024-01-11,372.13,372.78,362.93,369.67,369.67,17205400
2024-01-12,370.16,377.06,369.54,374.49,374.49,19310046
2024-01-16,373.65,375.61,367.23,367.46,367.46,15306900
2024-01-17,366.3,368.54,358.61,368.37,368.37,12724800
2024-01-18,371.49,376.85,370.95,376.13,376.13,16354332
2024-01-19,379.0,384.36,377.97,383.45,383.45,21670806
2024-01-22,387.95,390.35,381.16,381.78,381.78,17680500
2024-01-23,384.62,388.38,382.08,385.2,385.2,15506100
2024-01-24,390.0,396.15,387.81,390.7,390.7,15698500
2024-01-25,390.17,395.49,385.66,393.18,393.18,15091100
2024-01-26,394.35,396.79,391.59,394.14,394.14,13163700
2024-01-29,394.99,402.93,393.1,401.02,401.02,18742433
2024-01-30,403.59,406.36,399.57,400.06,400.06,18614727
2024-01-31,389.0,398.0,387.1,390.14,390.14,20180817
2024-02-01,393.94,400.5,393.05,394.78,394.78,29727100
2024-02-02,459.6,485.96,453.01,474.99,474.99,84707646
2024-02-05,469.88,471.9,459.22,459.41,459.41,40832400
2024-02-06,464.0,467.12,453.0,454.72,454.72,21655214
2024-02-07,458.0,471.52,456.18,469.59,469.59,23066000
2024-02-08,468.32,470.59,465.03,470.0,470.0,18815100
2024-02-09,472.95,473.59,467.47,468.11,468.11,18413137
2024-02-12,468.19,479.15,466.58,468.9,468.9,19382000
2024-02-13,456.87,467.89,455.09,460.12,460.12,20916602
2024-02-14,467.93,474.11,466.09,473.28,473.28,16858401
2024-02-15,475.28,488.62,472.22,484.03,484.03,24212326
2024-02-16,478.11,478.96,469.21,473.32,473.32,23324620
2024-02-20,469.72,476.18,466.56,471.75,471.75,18015523
2024-02-21,466.5,469.0,461.79,468.03,468.03,12977050
2024-02-22,480.24,489.99,476.06,486.13,486.13,21625805
2024-02-23,488.05,494.36,482.35,484.03,484.03,18374300
2024-02-26,483.47,486.14,480.6,481.74,481.74,12101415
2024-02-27,479.98,487.27,479.92,487.05,487.05,10809600
2024-02-28,485.0,491.05,482.75,484.02,484.02,12715500
2024-02-29,488.44,491.7,482.61,490.13,490.13,17732045
2024-03-01,492.11,504.25,491.85,502.3,502.3,16273600
2024-03-04,503.0,504.42,496.42,498.19,498.19,12324141
2024-03-05,495.0,495.58,487.89,490.22,490.22,15325300
2024-03-06,497.63,502.97,494.29,496.09,496.09,11757925
2024-03-07,503.28,519.85,501.38,512.19,512.19,18586437
2024-03-08,514.19,523.57,499.35,505.95,505.95,18597100
2024-03-11,497.01,497.32,476.0,483.59,483.59,20428300
2024-03-12,493.26,502.31,484.73,499.75,499.75,15448232
2024-03-13,495.39,500.98,491.03,495.57,495.57,12090700
2024-03-14,500.26,501.35,488.16,491.83,491.83,12620014
2024-03-15,489.01,491.83,481.3,484.1,484.1,29153600
2024-03-18,491.91,497.42,486.81,496.98,496.98,11755300
2024-03-19,488.17,496.63,481.28,496.24,496.24,10903100
2024-03-20,499.5,508.2,495.17,505.52,505.52,11711100
2024-03-21,514.71,515.04,506.01,507.76,507.76,9712549
2024-03-22,507.0,509.97,504.34,509.58,509.58,8120600
2024-03-25,505.79,507.22,500.24,503.02,503.02,8380617
2024-03-26,505.13,510.0,495.21,495.89,495.89,11205400
2024-03-27,499.3,499.89,488.07,493.86,493.86,9989700
2024-03-28,492.84,492.89,485.15,485.58,485.58,15212800
2024-04-01,487.2,497.43,481.78,491.35,491.35,9247007
2024-04-02,485.1,497.53,484.65,497.37,497.37,11081026
2024-04-03,498.93,507.24,498.75,506.74,506.74,12099200
2024-04-04,516.42,530.0,510.58,510.92,510.92,26476300
2024-04-05,516.86,530.7,514.41,527.34,527.34,19263300
2024-04-08,529.28,531.49,518.89,519.25,519.25,13260600
2024-04-09,522.23,525.87,506.74,516.9,516.9,10881445
2024-04-10,509.29,522.56,505.8,519.83,519.83,11418500
2024-04-11,521.11,523.86,517.29,523.16,523.16,10369500
2024-04-12,517.75,520.19,509.33,511.9,511.9,11984535
2024-04-15,516.72,518.53,497.28,500.23,500.23,13512900
2024-04-16,498.11,504.77,497.11,499.76,499.76,9847925
2024-04-17,503.1,503.16,487.14,494.17,494.17,12193743
2024-04-18,499.82,512.21,499.04,501.8,501.8,14808700
2024-04-19,502.8,502.8,475.73,481.07,481.07,25215400
2024-04-22,489.72,492.01,473.4,481.73,481.73,17271125
2024-04-23,491.25,498.76,488.97,496.1,496.1,15079200
2024-04-24,508.06,510.0,484.58,493.5,493.5,37772700
2024-04-25,421.4,445.77,414.5,441.38,441.38,82890741
2024-04-26,441.46,446.44,431.96,443.29,443.29,32691443
2024-04-29,439.56,439.76,428.56,432.62,432.62,21502646
2024-04-30,431.05,439.62,429.72,430.17,430.17,18429500
2024-05-01,428.6,449.96,427.11,439.19,439.19,20344947
2024-05-02,438.84,443.96,432.28,441.68,441.68,15221322
2024-05-03,445.93,454.17,443.85,451.96,451.96,16489100
2024-05-06,455.58,466.16,453.34,465.68,465.68,15094627
2024-05-07,466.29,471.53,461.31,468.24,468.24,13406816
2024-05-08,463.5,475.58,463.0,472.6,472.6,11683929
2024-05-09,470.0,476.08,467.63,475.42,475.42,9437700
2024-05-10,477.09,477.5,469.6,476.2,476.2,10750000
2024-05-13,472.75,473.35,462.85,468.01,468.01,14668800
2024-05-14,463.37,472.54,460.08,471.85,471.85,10478600
2024-05-15,474.98,482.5,471.2,481.54,481.54,13100500
2024-05-16,475.0,477.69,472.75,473.23,473.23,16608200
2024-05-17,470.83,472.8,468.42,471.91,471.91,10807300
2024-05-20,469.95,473.2,467.04,468.84,468.84,11745100
2024-05-21,467.12,470.7,462.27,464.63,464.63,11742200
2024-05-22,467.87,473.72,465.65,467.78,467.78,10078611
2024-05-23,472.88,474.36,461.54,465.78,465.78,11747913
2024-05-24,467.62,479.85,466.3,478.22,478.22,12024300
2024-05-28,476.58,480.86,474.84,479.92,479.92,10175800
2024-05-29,474.66,479.85,473.7,474.36,474.36,9226218
2024-05-30,471.67,471.73,464.71,467.05,467.05,10735226
2024-05-31,465.8,469.12,454.46,466.83,466.83,16919805
2024-06-03,470.86,479.6,468.24,477.49,477.49,11279400
2024-06-04,477.0,478.89,473.23,476.99,476.99,7088718
2024-06-05,484.45,496.65,483.91,495.06,495.06,15690500
2024-06-06,492.98,502.82,490.89,493.76,493.76,10667339
2024-06-07,495.91,498.91,490.17,492.96,492.96,9380745
2024-06-10,493.86,502.66,493.41,502.6,502.6,11236919
2024-06-11,500.16,507.6,498.27,507.47,507.47,9673715
2024-06-12,513.99,514.01,504.47,508.84,508.84,11983227
2024-06-13,505.71,509.36,501.36,504.1,504.1,9954621
2024-06-14,502.65,507.15,500.75,504.16,504.16,10243347
2024-06-17,501.67,510.75,496.01,506.63,506.63,11266601
2024-06-18,504.56,506.0,495.02,499.49,499.49,13060425
2024-06-20,502.0,503.67,496.77,501.7,501.7,11801200
2024-06-21,503.45,503.45,492.39,494.78,494.78,23130732
2024-06-24,499.2,507.8,494.29,498.91,498.91,13525300
2024-06-25,497.05,510.71,495.5,510.6,510.6,12109769
2024-06-26,506.65,513.81,504.68,513.12,513.12,8882337
2024-06-27,514.25,522.88,513.9,519.56,519.56,10121200
2024-06-28,517.15,521.88,503.84,504.22,504.22,15855137
2024-07-01,504.95,506.58,493.17,504.68,504.68,10328200
2024-07-02,500.76,510.5,499.45,509.5,509.5,7739500
2024-07-03,506.37,511.28,506.02,509.96,509.96,6005615
2024-07-05,511.6,540.87,511.6,539.91,539.91,21354100
2024-07-08,542.35,542.81,526.65,529.32,529.32,14917500
2024-07-09,533.75,537.48,528.19,530.0,530.0,8769088
2024-07-10,530.79,538.88,528.36,534.69,534.69,10983300
2024-07-11,530.89,535.46,508.37,512.7,512.7,16458300
2024-07-12,497.76,508.09,494.23,498.87,498.87,19750544
2024-07-15,498.63,506.68,493.37,496.16,496.16,12539200
2024-07-16,501.5,503.95,485.79,489.79,489.79,14075833
2024-07-17,479.17,479.17,459.12,461.99,461.99,28076600
2024-07-18,475.0,479.24,464.54,475.85,475.85,19267200
2024-07-19,476.06,486.71,475.71,476.79,476.79,15149416
2024-07-22,486.58,492.06,483.9,487.4,487.4,12023100
2024-07-23,489.84,495.22,487.72,488.69,488.69,9455527
2024-07-24,472.31,476.3,460.58,461.27,461.27,17649738
2024-07-25,463.26,463.55,442.65,453.41,453.41,18240500
2024-07-26,464.2,469.77,459.42,465.7,465.7,14222400
2024-07-29,469.88,473.96,465.02,465.71,465.71,11339630
2024-07-30,467.0,472.73,456.7,463.19,463.19,11390439
2024-07-31,471.02,476.5,466.75,474.83,474.83,24285800
2024-08-01,521.0,527.17,492.1,497.74,497.74,43083100
2024-08-02,489.0,501.15,476.15,488.14,488.14,24044700
2024-08-05,451.35,483.48,450.8,475.73,475.73,21396200
2024-08-06,479.0,502.56,478.65,494.09,494.09,20955000
2024-08-07,503.13,510.15,486.86,488.92,488.92,20105307
2024-08-08,497.5,509.96,494.72,509.63,509.63,16156843
2024-08-09,507.71,518.34,505.7,517.77,517.77,13696640
2024-08-12,516.86,518.02,509.1,515.95,515.95,9767422
2024-08-13,520.01,531.5,518.15,528.54,528.54,13743839
2024-08-14,528.06,534.0,523.13,526.76,526.76,11444200
2024-08-15,531.79,539.77,526.7,537.33,537.33,13482141
2024-08-16,531.9,533.66,524.66,527.42,527.42,14776700
2024-08-19,526.87,531.66,522.76,529.28,529.28,9879713
2024-08-20,528.35,531.09,525.88,526.73,526.73,7944400
2024-08-21,527.15,539.4,526.93,535.16,535.16,13423300
2024-08-22,537.0,544.23,528.59,531.93,531.93,15708300
2024-08-23,536.92,539.87,525.06,528.0,528.0,11323936
2024-08-26,527.6,528.0,514.95,521.12,521.12,9584002
2024-08-27,518.98,524.01,515.31,519.1,519.1,6282720
2024-08-28,517.67,521.09,512.45,516.78,516.78,9106100
2024-08-29,519.05,527.2,515.68,518.22,518.22,8317424
2024-08-30,521.35,523.54,515.2,521.31,521.31,9157541
2024-09-03,519.64,525.49,508.62,511.76,511.76,12459113
2024-09-04,506.07,516.59,504.07,512.74,512.74,8335207
2024-09-05,511.72,521.63,511.15,516.86,516.86,8640900
2024-09-06,521.88,524.58,498.25,500.27,500.27,14744521
2024-09-09,506.16,511.33,502.08,504.79,504.79,11047828
2024-09-10,508.16,514.18,500.03,504.79,504.79,9899022
2024-09-11,507.01,513.12,495.6,511.83,511.83,10782532
2024-09-12,517.05,526.71,515.22,525.6,525.6,11993342
2024-09-13,520.34,527.58,517.11,524.62,524.62,10321422
2024-09-16,524.54,534.1,517.4,533.28,533.28,9527646
2024-09-17,537.6,542.1,530.57,536.32,536.32,11690800
2024-09-18,537.07,544.2,533.9,537.95,537.95,10323537
2024-09-19,550.0,562.07,546.52,559.1,559.1,15647000
2024-09-20,560.0,564.5,556.3,561.35,561.35,22066817
2024-09-23,569.5,573.98,562.41,564.41,564.41,12830700
2024-09-24,566.68,567.75,554.19,563.33,563.33,12993000
2024-09-25,564.05,576.88,563.72,568.31,568.31,16543400
2024-09-26,575.73,577.4,562.35,567.84,567.84,14400800
2024-09-27,570.1,570.84,564.51,567.36,567.36,9398400
2024-09-30,567.7,574.68,564.8,572.44,572.44,12807206
2024-10-01,577.98,583.04,570.1,576.47,576.47,15259300
2024-10-02,574.86,576.0,569.34,572.81,572.81,6524700
2024-10-03,570.15,583.36,568.73,582.77,582.77,11581000
2024-10-04,583.73,596.85,581.43,595.94,595.94,14199788
2024-10-07,598.22,602.95,584.04,584.78,584.78,12014200
2024-10-08,589.69,593.56,585.97,592.89,592.89,7857400
2024-10-09,593.99,594.39,581.61,590.51,590.51,9529707
2024-10-10,587.57,590.23,582.52,583.83,583.83,7740449
2024-10-11,584.83,591.21,582.71,589.95,589.95,8587100
2024-10-14,594.22,600.1,589.96,590.42,590.42,8252000
2024-10-15,590.16,590.61,580.14,586.27,586.27,9564236
2024-10-16,581.4,582.08,574.03,576.79,576.79,11268400
2024-10-17,583.33,584.97,575.2,576.93,576.93,8701200
2024-10-18,581.1,583.97,575.25,576.47,576.47,7694300
2024-10-21,576.03,577.24,569.11,575.16,575.16,8171900
2024-10-22,574.29,583.53,572.12,582.01,582.01,8544500
2024-10-23,579.97,585.0,562.5,563.69,563.69,14248419
2024-10-24,567.13,568.88,561.52,567.78,567.78,7184700
2024-10-25,573.93,581.29,571.72,573.25,573.25,11337900
2024-10-28,582.0,583.75,574.12,578.16,578.16,10925131
2024-10-29,580.15,593.67,575.4,593.28,593.28,13019100
2024-10-30,600.98,601.2,589.38,591.8,591.8,26864925
2024-10-31,585.0,589.9,563.01,567.58,567.58,26838400
2024-11-01,567.61,573.67,562.56,567.16,567.16,15303235
2024-11-04,564.1,568.69,557.89,560.68,560.68,12064601
2024-11-05,567.3,573.48,566.67,572.43,572.43,9775400
2024-11-06,562.75,573.0,555.17,572.05,572.05,18305429
2024-11-07,576.89,594.8,575.21,591.7,591.7,14653708
2024-11-08,591.54,593.1,584.52,589.34,589.34,9415700
2024-11-11,586.36,587.0,576.51,583.17,583.17,10209100
2024-11-12,588.54,599.66,580.38,584.82,584.82,16287724
2024-11-13,582.61,585.64,575.17,580.0,580.0,10757600
2024-11-14,577.0,580.76,573.01,577.16,577.16,11053743
2024-11-15,571.22,572.57,551.5,554.08,554.08,17712900
2024-11-18,557.04,559.9,550.09,554.4,554.4,14346715
2024-11-19,551.86,561.43,550.6,561.09,561.09,9522445
2024-11-20,562.93,566.35,554.2,565.52,565.52,9797339
2024-11-21,569.52,570.0,549.05,563.09,563.09,11154749
2024-11-22,563.55,563.83,554.59,559.14,559.14,9164004
2024-11-25,562.1,572.59,556.39,565.11,565.11,13599830
2024-11-26,566.0,577.5,565.2,573.54,573.54,10356600
2024-11-27,574.89,574.98,564.1,569.2,569.2,7200228
2024-11-29,569.0,578.46,566.9,574.32,574.32,7130519
2024-12-02,577.5,594.5,575.57,592.83,592.83,12522400
2024-12-03,595.0,614.2,591.25,613.65,613.65,14907200
2024-12-04,612.96,617.78,605.1,613.78,613.78,14697006
2024-12-05,617.08,619.9,607.05,608.93,608.93,8081212
2024-12-06,610.1,629.79,608.53,623.77,623.77,16935503
2024-12-09,623.92,626.4,606.17,613.57,613.57,11426015
2024-12-10,617.56,625.59,612.74,619.32,619.32,10938900
2024-12-11,623.37,638.4,621.53,632.68,632.68,10837228
2024-12-12,631.5,636.66,627.21,630.79,630.79,7474717
2024-12-13,627.22,631.08,616.89,620.35,620.35,8453349
2024-12-16,629.98,631.15,618.58,624.24,624.24,10885625
2024-12-17,626.17,632.37,616.54,619.44,619.44,12897842
2024-12-18,621.0,627.36,596.32,597.19,597.19,17075500
2024-12-19,610.39,611.52,595.0,595.57,595.57,14958100
2024-12-20,590.58,603.11,580.0,585.25,585.25,48989400
2024-12-23,589.6,601.09,586.25,599.85,599.85,10205800
2024-12-24,602.72,607.99,599.28,607.75,607.75,4726100
2024-12-26,605.48,606.3,598.94,603.35,603.35,6091239
2024-12-27,599.41,601.85,589.8,599.81,599.81,8084229
2024-12-30,588.75,596.94,585.58,591.24,591.24,7025900
2024-12-31,592.27,593.97,583.85,585.51,585.51,6019520
2025-01-02,589.72,604.91,587.82,599.24,599.24,12682300
2025-01-03,604.76,609.5,596.41,604.63,604.63,11436800
2025-01-06,611.83,630.99,605.62,630.2,630.2,14560800
2025-01-07,631.7,632.1,608.23,617.89,617.89,12071500
2025-01-08,613.4,616.44,602.79,610.72,610.72,10085846
2025-01-10,610.03,629.91,597.34,615.86,615.86,19256600
2025-01-13,607.1,608.97,598.45,608.33,608.33,10785031
2025-01-14,605.07,605.49,588.55,594.25,594.25,13598000
2025-01-15,610.21,622.46,606.5,617.12,617.12,15524302
2025-01-16,611.5,616.25,609.71,611.3,611.3,8355349
2025-01-17,624.05,624.97,603.67,612.77,612.77,17280600
2025-01-21,617.83,621.5,609.01,616.46,616.46,11674016
2025-01-22,623.3,633.7,619.43,623.5,623.5,12274011
2025-01-23,627.36,636.6,621.15,636.45,636.45,9910200
2025-01-24,636.4,652.0,634.2,647.49,647.49,19065329
2025-01-27,626.61,663.87,625.1,659.88,659.88,28399200
2025-01-28,666.0,682.58,659.47,674.33,674.33,20950107
2025-01-29,675.0,681.05,665.67,676.49,676.49,21377820
2025-01-30,696.82,710.79,676.1,687.0,687.0,29322900
2025-01-31,691.0,705.3,685.58,689.18,689.18,19331660
2025-02-03,675.91,704.0,675.25,697.46,697.46,21415739
2025-02-04,702.5,707.71,691.61,704.19,704.19,13826300
2025-02-05,703.55,718.14,699.01,704.87,704.87,17793766
2025-02-06,705.88,718.9,703.5,711.99,711.99,13080700
2025-02-07,716.8,725.01,711.75,714.52,714.52,16427100
2025-02-10,718.56,721.2,711.33,717.4,717.4,12904317
2025-02-11,713.32,723.66,710.04,719.8,719.8,12998000
2025-02-12,715.3,727.1,712.6,725.38,725.38,12016517
2025-02-13,721.52,729.0,718.04,728.56,728.56,12569100
2025-02-14,726.14,740.91,725.62,736.67,736.67,16901249
2025-02-18,736.0,737.0,706.44,716.37,716.37,21938703
2025-02-19,704.1,707.0,695.39,703.77,703.77,17535500
2025-02-20,697.28,705.63,693.64,694.84,694.84,12587408
2025-02-21,696.58,703.87,682.36,683.55,683.55,15660400
2025-02-24,686.28,687.27,662.45,668.13,668.13,15677000
2025-02-25,665.97,668.0,641.86,657.5,657.5,20579700
2025-02-26,659.65,683.01,658.0,673.7,673.7,14488705
2025-02-27,682.45,688.65,657.57,658.24,658.24,12500013
2025-02-28,658.04,669.63,642.6,668.2,668.2,17534200
2025-03-03,673.68,681.25,650.84,655.05,655.05,10843800
2025-03-04,645.51,649.75,623.65,640.0,640.0,21495208
2025-03-05,641.0,659.5,637.66,656.47,656.47,13770026
2025-03-06,648.0,650.56,624.11,627.93,627.93,13446500
2025-03-07,625.37,634.79,600.61,625.66,625.66,21375700
2025-03-10,608.07,610.11,586.87,597.99,597.99,21999943
2025-03-11,595.05,614.93,593.33,605.71,605.71,17401500
2025-03-12,629.9,633.33,609.35,619.56,619.56,15747000
2025-03-13,620.25,620.5,586.51,590.64,590.64,16480324
2025-03-14,602.8,608.86,594.78,607.6,607.6,12364505
2025-03-17,607.46,613.1,598.0,604.9,604.9,15473909
2025-03-18,600.05,600.25,574.66,582.36,582.36,20297708
2025-03-19,584.28,592.32,574.77,584.06,584.06,20537500
2025-03-20,582.76,610.2,579.51,586.0,586.0,24336505
2025-03-21,583.42,597.54,580.95,596.25,596.25,25015900
2025-03-24,614.97,622.54,612.2,618.85,618.85,15741300
2025-03-25,626.76,633.88,621.18,626.31,626.31,15312540
2025-03-26,624.89,626.75,606.61,610.98,610.98,12661891
2025-03-27,602.0,614.25,600.1,602.58,602.58,10436524
2025-03-28,600.31,601.75,573.92,576.74,576.74,17602823
2025-03-31,563.5,578.7,553.3,576.36,576.36,21124700
2025-04-01,570.84,589.91,570.0,586.0,586.0,12836600
2025-04-02,574.91,592.66,573.36,583.93,583.93,13470800
2025-04-03,546.22,552.56,530.3,531.62,531.62,34777500
2025-04-04,506.62,518.0,494.2,504.73,504.73,38589814
2025-04-07,485.1,539.37,481.9,516.25,516.25,36606136
2025-04-08,543.25,547.43,502.86,510.45,510.45,28034211
2025-04-09,509.27,587.89,502.11,585.77,585.77,39216600
2025-04-10,575.49,581.3,535.3,546.29,546.29,28173500
2025-04-11,535.51,547.4,528.59,543.57,543.57,17642327
2025-04-14,556.17,557.77,528.28,531.48,531.48,14130928
2025-04-15,532.11,537.94,517.5,521.52,521.52,15558700
2025-04-16,508.51,513.37,495.63,502.31,502.31,18735100
2025-04-17,505.25,507.3,498.01,501.48,501.48,14593508
2025-04-21,491.33,493.5,479.8,484.66,484.66,16166000
2025-04-22,491.87,506.88,486.36,500.28,500.28,17399408
2025-04-23,528.53,535.34,516.52,520.27,520.27,18173910
2025-04-24,518.73,533.9,517.5,533.15,533.15,13910011
2025-04-25,546.8,549.86,536.25,547.27,547.27,17098921
2025-04-28,555.64,558.49,540.59,549.74,549.74,15179000
2025-04-29,546.0,556.57,544.12,554.44,554.44,11835036
2025-04-30,538.4,549.1,529.5,549.0,549.0,29244000
2025-05-01,592.08,592.95,570.5,572.21,572.21,31159033
2025-05-02,583.46,604.34,578.33,597.02,597.02,24739300
2025-05-05,591.22,603.21,588.05,599.27,599.27,13887724
2025-05-06,592.53,596.03,586.58,587.31,587.31,10600700
2025-05-07,590.36,603.08,586.67,596.81,596.81,13160976
2025-05-08,606.29,611.3,596.62,598.01,598.01,14622805
2025-05-09,603.72,606.97,591.71,592.49,592.49,10427300
2025-05-12,630.92,640.39,621.03,639.43,639.43,21965100
2025-05-13,645.54,660.92,642.83,656.03,656.03,18570821
2025-05-14,661.21,662.67,654.31,659.36,659.36,12348200
2025-05-15,654.28,657.31,638.58,643.88,643.88,14341835
2025-05-16,637.96,640.44,626.15,640.34,640.34,18519000
2025-05-19,628.25,643.0,627.8,640.43,640.43,9592400
2025-05-20,636.01,639.35,632.26,637.1,637.1,6743500
2025-05-21,631.79,646.61,630.17,635.5,635.5,11464600
2025-05-22,634.05,643.25,630.71,636.57,636.57,8228443
2025-05-23,624.0,632.45,622.65,627.06,627.06,8454100
2025-05-27,635.41,643.08,632.75,642.32,642.32,9508400
2025-05-28,642.6,650.88,642.55,643.58,643.58,9042900
2025-05-29,651.65,653.32,639.5,645.05,645.05,8883436
2025-05-30,642.5,649.41,632.78,647.49,647.49,16241000
2025-06-02,644.39,673.26,644.26,670.9,670.9,15766300
2025-06-03,671.45,675.58,665.03,666.85,666.85,11585031
2025-06-04,669.32,689.0,668.57,687.95,687.95,14031931
2025-06-05,691.66,694.38,682.25,684.62,684.62,13120335
2025-06-06,696.17,702.81,691.87,697.71,697.71,11728000
2025-06-09,698.46,705.19,693.94,694.06,694.06,12773221
2025-06-10,701.35,703.23,691.56,702.4,702.4,10850146
2025-06-11,703.71,708.87,691.99,694.14,694.14,9582508
2025-06-12,693.3,695.38,687.0,693.36,693.36,7322730
2025-06-13,687.95,694.57,681.01,682.87,682.87,9274441
2025-06-16,699.33,707.15,693.51,702.12,702.12,13720300
2025-06-17,702.0,705.97,696.06,697.23,697.23,10066110
2025-06-18,698.18,701.59,694.9,695.77,695.77,10068300
2025-06-20,700.75,701.82,678.67,682.35,682.35,22538640
2025-06-23,683.69,699.05,678.75,698.53,698.53,11080100
2025-06-24,704.89,713.19,702.11,712.2,712.2,13823200
2025-06-25,713.32,716.58,705.38,708.68,708.68,9320436
2025-06-26,714.36,728.22,711.05,726.09,726.09,13964800
2025-06-27,726.52,735.43,725.86,733.63,733.63,18775735
2025-06-30,744.55,747.9,734.25,738.09,738.09,15402105
2025-07-01,736.88,737.75,715.37,719.22,719.22,13431248
2025-07-02,715.33,720.3,712.8,713.57,713.57,9336740
2025-07-03,726.61,729.03,714.42,719.01,719.01,8601700
2025-07-07,717.6,727.0,713.51,718.35,718.35,9457100
2025-07-08,721.57,722.91,714.81,720.67,720.67,7770700
2025-07-09,722.72,737.53,722.72,732.78,732.78,11418000
2025-07-10,731.55,735.8,719.6,727.24,727.24,9922249
2025-07-11,722.5,725.16,709.7,717.51,717.51,10873900
2025-07-14,717.6,728.0,716.55,720.92,720.92,8939400
2025-07-15,723.9,724.47,709.82,710.39,710.39,11529511
2025-07-16,713.37,713.97,699.27,702.91,702.91,13067627
2025-07-17,704.39,705.9,697.11,701.41,701.41,11803300
2025-07-18,702.19,704.71,691.65,704.28,704.28,12779800
2025-07-21,706.8,717.0,705.76,712.97,712.97,9404400
2025-07-22,716.19,716.6,701.41,704.81,704.81,8921100
2025-07-23,706.37,714.63,704.93,713.58,713.58,8771615
2025-07-24,717.05,723.62,714.0,714.8,714.8,10920836
2025-07-25,716.92,720.65,711.9,712.68,712.68,8271700
2025-07-28,715.2,724.74,712.68,717.63,717.63,8715743
2025-07-29,720.0,724.47,699.91,700.0,700.0,13267032
2025-07-30,708.09,708.5,691.2,695.21,695.21,27077300
2025-07-31,775.2,784.75,765.51,773.44,773.44,38831100
2025-08-01,760.73,766.0,745.31,750.01,750.01,19028710
2025-08-04,760.0,776.85,758.41,776.37,776.37,15801727
2025-08-05,776.45,783.13,763.0,763.46,763.46,11640300
2025-08-06,770.0,773.64,760.46,771.99,771.99,9733910
2025-08-07,773.49,775.0,759.55,761.83,761.83,9019700
2025-08-08,762.75,769.9,758.58,769.3,769.3,7320800
2025-08-11,770.08,773.46,764.67,765.87,765.87,7612000
2025-08-12,773.0,793.67,772.43,790.0,790.0,14579765
2025-08-13,791.15,795.46,778.23,780.08,780.08,8811800
2025-08-14,777.88,787.81,772.51,782.13,782.13,8116200
2025-08-15,784.15,796.25,780.82,785.23,785.23,13375400
2025-08-18,775.09,775.81,756.56,767.37,767.37,16513737
2025-08-19,767.12,767.17,749.36,751.48,751.48,12286700
2025-08-20,747.57,750.2,731.0,747.72,747.72,11898200
2025-08-21,744.71,745.5,733.11,739.1,739.1,8876307
2025-08-22,739.23,756.9,734.39,754.79,754.79,10612700
2025-08-25,754.82,758.88,750.13,753.3,753.3,6861200
2025-08-26,750.8,754.87,747.94,754.1,754.1,7601800
2025-08-27,752.3,754.15,742.84,747.38,747.38,8315435
2025-08-28,744.0,753.05,740.8,751.11,751.11,7468000
2025-08-29,745.28,747.14,735.35,738.7,738.7,9070546
2025-09-02,726.04,736.0,721.73,735.11,735.11,9350900
2025-09-03,736.0,740.25,733.99,737.05,737.05,7699332
2025-09-04,748.57,761.16,745.82,748.65,748.65,11439100
2025-09-05,752.62,757.95,745.03,752.45,752.45,9663441
2025-09-08,756.0,766.51,752.02,752.3,752.3,13087816
2025-09-09,757.49,766.3,753.43,765.7,765.7,10999026
2025-09-10,765.13,765.7,751.0,751.98,751.98,12478300
2025-09-11,754.65,757.1,748.37,750.9,750.9,7923300
2025-09-12,748.73,757.57,743.76,755.59,755.59,8248600
2025-09-15,757.47,774.07,751.99,764.7,764.7,10533800
2025-09-16,767.0,781.36,765.1,779.0,779.0,11782500
2025-09-17,779.99,783.29,766.31,775.72,775.72,9400900
2025-09-18,780.75,788.78,773.36,780.25,780.25,10955000
2025-09-19,786.42,790.8,769.19,778.38,778.38,23696824
2025-09-22,781.85,785.73,764.47,765.16,765.16,11706946
2025-09-23,769.25,770.6,751.07,755.4,755.4,10872600
2025-09-24,757.5,761.11,752.53,760.66,760.66,8828227
2025-09-25,753.45,756.77,744.55,748.91,748.91,10591100
2025-09-26,750.0,751.93,737.35,743.75,743.75,9696338
2025-09-29,748.72,750.78,739.15,743.4,743.4,9246800
2025-09-30,742.25,742.97,726.3,734.38,734.38,16226800
2025-10-01,721.49,721.85,710.2,717.34,717.34,20419633
2025-10-02,722.58,727.77,718.14,727.05,727.05,11415300
2025-10-03,729.63,731.0,710.18,710.56,710.56,16154305
2025-10-06,705.19,716.88,690.51,715.66,715.66,21654738
2025-10-07,717.72,718.5,705.75,713.08,713.08,12062928
2025-10-08,713.45,719.65,707.81,717.84,717.84,10790600
2025-10-09,718.28,733.51,712.44,733.51,733.51,12717200
2025-10-10,730.92,735.27,704.51,705.3,705.3,16980100
2025-10-13,713.01,719.94,707.64,715.7,715.7,9251800
2025-10-14,707.78,715.55,699.33,708.65,708.65,8829800
2025-10-15,717.06,723.9,709.51,717.55,717.55,10246800
2025-10-16,717.55,725.49,703.88,712.07,712.07,9017010
2025-10-17,707.08,718.54,706.12,716.92,716.92,12232441
2025-10-20,721.19,733.77,720.18,732.17,732.17,8900204
2025-10-21,736.02,738.5,728.75,733.27,733.27,7647300
2025-10-22,733.83,740.6,724.03,733.41,733.41,8734500
2025-10-23,734.7,742.41,733.1,734.0,734.0,9856000
2025-10-24,736.79,741.21,731.15,738.36,738.36,9151300
2025-10-27,749.73,755.75,748.01,750.82,750.82,11321100
2025-10-28,752.63,758.4,745.52,751.44,751.44,12193818
2025-10-29,754.75,759.16,742.51,751.67,751.67,26818600
2025-10-30,669.15,680.96,650.17,666.47,666.47,88440100
2025-10-31,674.51,674.89,645.57,648.35,648.35,56953200
2025-11-03,656.0,659.33,636.18,637.71,637.71,33003600
2025-11-04,628.04,641.74,626.01,627.32,627.32,27356600
2025-11-05,632.31,642.23,626.54,635.95,635.95,20219900
2025-11-06,635.85,636.0,618.0,618.94,618.94,23628800
2025-11-07,616.49,622.13,601.2,621.71,621.71,29946826
2025-11-10,631.09,635.0,618.11,631.76,631.76,19245000
2025-11-11,628.0,629.56,619.39,627.08,627.08,13302200
2025-11-12,628.13,628.99,607.77,609.01,609.01,24493300
2025-11-13,613.07,617.65,603.0,609.89,609.89,20973845
2025-11-14,601.79,613.68,595.2,609.46,609.46,20724146
2025-11-17,609.04,611.69,595.4,602.01,602.01,16501331
2025-11-18,591.6,603.66,583.78,597.69,597.69,25500647
2025-11-19,593.72,595.33,581.25,590.32,590.32,24744703
2025-11-20,603.5,606.72,583.35,589.15,589.15,20603024
2025-11-21,588.5,598.12,581.86,594.25,594.25,21052624
2025-11-24,598.72,616.7,597.63,613.05,613.05,23554932
2025-11-25,624.0,637.04,618.3,636.22,636.22,25213000
2025-11-26,637.69,638.36,631.63,633.61,633.61,15209500
2025-11-28,636.08,648.05,635.5,647.95,647.95,11033200
2025-12-01,639.55,645.32,637.76,640.87,640.87,13029922
2025-12-02,642.34,647.87,638.07,647.1,647.1,11640900
2025-12-03,644.41,648.85,637.55,639.6,639.6,11134305
2025-12-04,676.0,676.1,660.05,661.53,661.53,29874622
2025-12-05,664.0,674.69,662.39,673.42,673.42,21207900
2025-12-08,669.34,676.71,665.07,666.8,666.8,13161000
2025-12-09,663.77,664.48,653.34,656.96,656.96,12997116
2025-12-10,649.95,654.51,643.4,650.13,650.13,16910900
2025-12-11,643.29,655.28,640.79,652.71,652.71,13056726
2025-12-12,649.8,711.0,638.61,644.23,644.23,14016915
2025-12-15,645.7,653.0,638.7,647.51,647.51,15549100
2025-12-16,643.5,662.54,643.2,657.15,657.15,14309136
2025-12-17,655.61,661.23,649.2,649.5,649.5,15598548
2025-12-18,657.03,670.56,656.46,664.45,664.45,20260300
2025-12-19,666.42,671.0,658.18,658.77,658.77,49977100
2025-12-22,661.65,673.58,656.65,661.5,661.5,15659400
2025-12-23,660.05,666.0,658.25,664.94,664.94,8486847
2025-12-24,662.53,668.18,662.2,667.55,667.55,5627512
2025-12-26,668.06,668.95,661.32,663.29,663.29,7133813
2025-12-29,658.01,660.25,654.39,658.69,658.69,8506500
2025-12-30,658.69,672.22,657.84,665.95,665.95,9187500
2025-12-31,664.75,665.0,659.44,660.09,660.09,7940400
2026-01-02,662.73,664.39,643.5,650.41,650.41,13726517
2026-01-05,651.01,664.54,647.75,658.79,658.79,12213745
2026-01-06,659.57,665.52,651.9,660.62,660.62,11074419
2026-01-07,655.64,659.15,644.81,648.69,648.69,12846300
2026-01-08,645.88,647.1,635.72,646.06,646.06,11921708
2026-01-09,645.43,654.95,642.85,653.06,653.06,11634944
2026-01-12,652.53,653.97,641.23,641.97,641.97,14797200
2026-01-13,642.27,642.27,624.1,631.09,631.09,18030400
2026-01-14,626.5,628.45,614.82,615.52,615.52,15527900
2026-01-15,618.48,624.17,614.23,620.8,620.8,13076100
2026-01-16,624.18,629.08,620.08,620.25,620.25,17012516
2026-01-20,607.88,611.4,600.0,604.12,604.12,15169600
2026-01-21,606.74,618.27,600.08,612.96,612.96,14494700
2026-01-22,629.35,660.57,626.55,647.63,647.63,21394700
2026-01-23,644.77,666.49,644.45,658.76,658.76,22797723
2026-01-26,665.13,675.28,661.29,672.36,672.36,16327400
2026-01-27,674.59,676.82,664.66,672.97,672.97,13297400
2026-01-28,674.5,677.68,666.1,668.73,668.73,25709600
2026-01-29,737.43,744.0,712.55,738.31,738.31,59852903
2026-01-30,727.5,732.17,713.59,716.5,716.5,23744600
2026-02-02,714.6,721.3,703.52,706.41,706.41,14365224
2026-02-03,707.37,717.0,686.41,691.7,691.7,13760700
2026-02-04,687.73,688.83,667.46,668.99,668.99,16882800
2026-02-05,663.58,681.5,653.5,670.21,670.21,17131800
2026-02-06,665.49,671.99,646.5,661.46,661.46,18159300
2026-02-09,663.18,683.31,658.78,677.22,677.22,14837529
2026-02-10,677.6,680.65,669.79,670.72,670.72,10455816
2026-02-11,674.0,679.27,657.1,668.69,668.69,14323818
2026-02-12,669.97,676.0,645.28,649.81,649.81,14960108
2026-02-13,645.1,651.43,634.57,639.77,639.77,12336400
2026-02-17,639.5,642.6,628.8,639.29,639.29,12674739
2026-02-18,633.8,645.0,628.15,643.22,643.22,14649200
2026-02-19,638.57,647.19,636.72,644.78,644.78,10035700
2026-02-20,639.68,663.35,638.78,655.66,655.66,14183512
2026-02-23,652.54,657.7,636.0,637.25,637.25,8605909
2026-02-24,633.08,641.11,628.98,639.3,639.3,10135647
2026-02-25,642.53,653.88,642.14,653.69,653.69,11330700
2026-02-26,650.55,661.0,647.5,657.01,657.01,10637736
2026-02-27,643.45,649.44,638.12,648.18,648.18,15703041
2026-03-02,637.16,659.94,634.5,653.56,653.56,9816125
2026-03-03,648.29,659.04,638.84,655.08,655.08,12263800
2026-03-04,657.96,672.77,657.67,667.73,667.73,10810100
2026-03-05,661.93,670.7,650.31,660.57,660.57,13341400
2026-03-06,647.9,649.47,636.11,644.86,644.86,13159400
2026-03-09,634.78,647.75,626.78,647.39,647.39,13489742
2026-03-10,653.56,660.3,649.0,654.07,654.07,9859300
2026-03-11,654.76,659.12,648.36,654.86,654.86,8977200
2026-03-12,648.75,653.5,636.9,638.18,638.18,11617500
2026-03-13,623.89,629.17,609.55,613.71,613.71,18957637
2026-03-16,632.0,634.75,623.1,627.45,627.45,15134900
2026-03-17,627.99,636.55,621.7,622.66,622.66,10348800
2026-03-18,616.34,622.65,614.61,615.68,615.68,11726301
2026-03-19,612.15,613.0,602.26,606.7,606.7,13247700
2026-03-20,603.53,603.96,587.25,593.66,593.66,21214900
2026-03-23,605.79,608.64,599.01,604.06,604.06,13638000
2026-03-24,599.1,601.0,591.0,592.92,592.92,10739742
2026-03-25,598.74,603.67,593.4,594.89,594.89,12585031
2026-03-26,582.49,583.0,543.35,547.54,547.54,35780131
2026-03-27,540.1,543.6,520.26,525.72,525.72,30133010
2026-03-30,536.38,539.55,528.54,536.38,536.38,22795203
2026-03-31,549.98,573.69,546.77,572.13,572.13,32898300
2026-04-01,580.13,592.55,573.82,579.23,579.23,23608128
2026-04-02,566.04,578.5,559.7,574.46,574.46,13518547
2026-04-06,577.69,582.79,572.0,573.02,573.02,9515700
2026-04-07,572.48,575.23,564.76,575.05,575.05,9580843
2026-04-08,606.0,629.95,591.83,612.42,612.42,32036638
2026-04-09,626.97,637.5,623.0,628.39,628.39,19012912
2026-04-10,634.47,638.58,624.33,629.86,629.86,13294844
2026-04-13,629.5,635.0,624.4,634.53,634.53,9538931
2026-04-14,643.22,666.26,639.37,662.49,662.49,17325841
